sample,KRAS VAF,Hotspot,Mutation burden,Tumor estimate: deconvolution,Tumor estimate: histology,Histological type,CNV amplifications,CNV deletions,CNV index,Tumor cellularity
C3N-04284,0.0478260869565217,Q61R,15,0.147366665095944,0.591836734693878,PDAC,180,-4,1.03095730144715,"<15%, Low purity (n = 35)"
C3L-01054,0.0457142857142857,G12R,16,0.0998934070023788,0.545454545454545,PDAC,0,0,0.307303662640561,"<15%, Low purity (n = 35)"
C3L-01036,0.0720858895705521,G12D,39,0.271835149674676,0.525,PDAC,56,-52,1.4931144699819,"<15%, Low purity (n = 35)"
C3N-03069,0.0723981900452489,G12C,64,,0.416666666666667,PDAC,716,-167,1.7641461061504,"<15%, Low purity (n = 35)"
C3L-00401,0.0451467268623025,G12D,5,0.091309880486437,0.400641025641026,PDAC,6,0,0.435817818856767,"<15%, Low purity (n = 35)"
C3L-00640,0.063973063973064,G12V,36,0.204108821609475,0.36231884057971,PDAC,1127,0,0.854313181401891,"<15%, Low purity (n = 35)"
C3N-00517,0.0461538461538462,G12D,4,0.00839388335940727,0.355,PDAC,0,0,0.363495381404252,"<15%, Low purity (n = 35)"
C3L-01053,0.0415094339622642,G12R,5,0.0376679864232238,0.345454545454545,PDAC,0,0,0.382837954103918,"<15%, Low purity (n = 35)"
C3L-04473,0.0587275693311582,G12V,14,,0.3,PDAC,133,-45,0.526031238189768,"<15%, Low purity (n = 35)"
C3L-00881,0.0730223123732252,G12R,9,0.102289100672159,0.230769230769231,PDAC,8,-3,0.730380368565144,"<15%, Low purity (n = 35)"
C3N-02295,0.0380622837370242,G12V,15,0.0215679762491736,0.23,PDAC,26,0,0.640733318923049,"<15%, Low purity (n = 35)"
C3L-01052,0.0322061191626409,G12V,2,0.0355081108241764,0.225,PDAC,0,0,0.132141091891664,"<15%, Low purity (n = 35)"
C3N-01719,0.0261865793780687,G12V,2,,0.2,PDAC,63,-46,0.642279462904029,"<15%, Low purity (n = 35)"
C3N-01382,0.0554621848739496,G12V,28,0.064752158111169,0.196078431372549,PDAC,0,-45,0.408051911828641,"<15%, Low purity (n = 35)"
C3N-00957,0.0575757575757576,G12V,21,0.156358633186155,0.16,PDAC,40,0,1.01958334166624,"<15%, Low purity (n = 35)"
C3N-01011,0.0392857142857143,G12D,10,0.0824805612094622,0.16,PDAC,36,0,0.400427179136997,"<15%, Low purity (n = 35)"
C3L-03632,0.0417910447761194,G12V,6,0.125853525403786,0.155,PDAC,326,0,0.656410344576931,"<15%, Low purity (n = 35)"
C3N-01166,0.0533333333333333,G12V,18,0.100250427135216,0.149253731343284,PDAC,45,0,0.575271740943053,"<15%, Low purity (n = 35)"
C3N-01998,0.0717948717948718,G12S,34,0.170095630614643,0.138613861386139,PDAC,138,0,0.61611367890688,"<15%, Low purity (n = 35)"
C3L-04495,0.0471698113207547,G12D,16,0.122916313469724,0.136666666666667,PDAC,0,0,0.453427835403363,"<15%, Low purity (n = 35)"
C3L-00189,0.0695102685624013,G12V,9,0.0832294110057763,0.131147540983607,PDAC,0,0,0.327859784295238,"<15%, Low purity (n = 35)"
C3N-03440,0.047085201793722,G12V,13,0.126065383704826,0.13,PDAC,0,0,0.508942862246999,"<15%, Low purity (n = 35)"
C3N-03211,0.0321543408360129,G12R,5,,0.126315789473684,PDAC,2,0,0.241847194730819,"<15%, Low purity (n = 35)"
C3N-03428,0.0193321616871705,G12D,2,,0.125,PDAC,45,-3,0.25445143942733,"<15%, Low purity (n = 35)"
C3N-02998,0.0304259634888438,G12D,8,,0.12,PDAC,0,-48,0.26892494755787,"<15%, Low purity (n = 35)"
C3N-03670,0.028125,G12D,11,0.0878757556127252,0.117647058823529,PDAC,54,0,0.215813077590964,"<15%, Low purity (n = 35)"
C3L-02112,0.0246478873239437,G12D,5,0.0733926549573686,0.1,PDAC,18,0,0.565756512715622,"<15%, Low purity (n = 35)"
C3N-00303,0.0512091038406828,G12D,26,0.104452980282177,0.1,PDAC,0,0,0.323344935190708,"<15%, Low purity (n = 35)"
C3L-03394,0.0174825174825175,G12D,7,,0.0952380952380952,PDAC,51,-45,0.278807129127942,"<15%, Low purity (n = 35)"
C3N-00512,0.0369127516778524,G12R,10,0.0770254088277837,0.09,PDAC,0,0,0.377007195471325,"<15%, Low purity (n = 35)"
C3N-01012,0,,17,0.177265232013704,0.07,PDAC,22,0,0.841579011244948,"<15%, Low purity (n = 35)"
C3N-00513,0.0532445923460899,G12D,3,0.0558068155544438,0.0520833333333333,PDAC,0,0,0.276819632139711,"<15%, Low purity (n = 35)"
C3L-03395,0.0510440835266821,G12D,15,0.139344125252012,0.05,PDAC,0,-45,0.404119016232644,"<15%, Low purity (n = 35)"
C3N-01502,0.0412844036697248,G12V,35,,0.0485436893203884,PDAC,160,0,0.318492594515304,"<15%, Low purity (n = 35)"
C3N-01997,0.0631229235880399,G12R,17,0.148653244822212,0.0099009900990099,PDAC,183,-2,1.21687454000523,"<15%, Low purity (n = 35)"
C3L-03388,0.0813953488372093,G12R,23,0.280108310520697,0.75,PDAC,1181,-3101,2.0987511770381,">=15%, Sufficient Purity (n = 105)"
C3L-01031,0.327835051546392,G12D,57,0.489231313564311,0.728155339805825,PDAC,1132,-3152,3.16798360685776,">=15%, Sufficient Purity (n = 105)"
C3L-03639,0.439716312056738,G12D,70,,0.727272727272727,PDAC,1560,-972,3.28061824815533,">=15%, Sufficient Purity (n = 105)"
C3N-03665,0.153526970954357,G12V,25,,0.7,PDAC,1118,-1654,1.25588305096527,">=15%, Sufficient Purity (n = 105)"
C3L-00598,0.280054644808743,G12D,36,0.413904263261965,0.65,PDAC,291,-3502,1.84588129184466,">=15%, Sufficient Purity (n = 105)"
C3N-00511,0.232245681381958,G12D,44,0.426580302421832,0.65,PDAC,396,-3438,2.15396026537856,">=15%, Sufficient Purity (n = 105)"
C3N-03754,0.165775401069519,G12D,29,0.288068820750692,0.65,PDAC,1142,-82,2.3134184046974,">=15%, Sufficient Purity (n = 105)"
C3L-02606,0.129032258064516,G12D,42,0.255806586863093,0.625,Adenosquamous carcinoma,1016,-219,1.60397383006335,">=15%, Sufficient Purity (n = 105)"
C3L-02613,0.478487614080834,G12V,108,0.600327996656825,0.608695652173913,Adenosquamous carcinoma,1572,-5319,4.70171126533149,">=15%, Sufficient Purity (n = 105)"
C3L-00589,0.216617210682493,G12D,74,0.308207784512167,0.6,PDAC,172,-345,1.92692762963064,">=15%, Sufficient Purity (n = 105)"
C3L-02604,0.353919239904988,G12V,57,0.546668927131366,0.571428571428571,PDAC,538,-3171,2.29769419856274,">=15%, Sufficient Purity (n = 105)"
C3N-00709,0.151138716356108,G12R,41,,0.56,PDAC,1054,-309,2.1670554751123,">=15%, Sufficient Purity (n = 105)"
C3L-01037,0.165948275862069,G12D,38,0.244797937138626,0.541666666666667,PDAC,327,-45,1.23090887424058,">=15%, Sufficient Purity (n = 105)"
C3N-02940,0.134649910233393,G12D,31,,0.531707317073171,PDAC,156,-45,1.12087816667556,">=15%, Sufficient Purity (n = 105)"
C3L-02701,0.100358422939068,G12V,37,0.246079656330342,0.523809523809524,PDAC,382,-45,0.927456324139098,">=15%, Sufficient Purity (n = 105)"
C3L-01662,0.148148148148148,G12D,26,0.109856594109816,0.5,PDAC,263,-27,1.77987634855964,">=15%, Sufficient Purity (n = 105)"
C3L-01689,0.17574931880109,G12D,44,0.352999478120612,0.5,PDAC,572,-2225,1.52874027642261,">=15%, Sufficient Purity (n = 105)"
C3L-00625,0.163961038961039,G12D,21,0.303937565206775,0.490196078431373,PDAC,772,-2173,1.51445746780162,">=15%, Sufficient Purity (n = 105)"
C3N-02585,0.181818181818182,G12D,29,,0.487804878048781,PDAC,5,-2533,1.52401214252292,">=15%, Sufficient Purity (n = 105)"
C3N-04282,0.445843828715365,Q61H,33,,0.48,PDAC,1144,-5268,4.00537221614004,">=15%, Sufficient Purity (n = 105)"
C3N-01168,0.105413105413105,G12V,25,0.115086829950092,0.476190476190476,PDAC,75,-45,1.19601899390383,">=15%, Sufficient Purity (n = 105)"
C3N-03839,0.162295081967213,G12V,60,,0.475409836065574,PDAC,2893,-3290,1.95792179730284,">=15%, Sufficient Purity (n = 105)"
C3N-04126,0.172277227722772,G12R,27,0.3023148692875,0.475,PDAC,1109,-40,1.68789108172673,">=15%, Sufficient Purity (n = 105)"
C3N-02010,0.327759197324415,G12R,31,,0.473684210526316,PDAC,1186,-3954,3.17575661456035,">=15%, Sufficient Purity (n = 105)"
C3N-01715,0,,561,0.272348051789913,0.46875,PDAC,452,-844,1.03711501420011,">=15%, Sufficient Purity (n = 105)"
C3L-02899,0.12093023255814,G12D,21,,0.462962962962963,PDAC,244,-63,0.905549329486716,">=15%, Sufficient Purity (n = 105)"
C3N-02592,0.0880913539967374,G12D,31,0.197115413957281,0.46,PDAC,209,-10,1.32768994133946,">=15%, Sufficient Purity (n = 105)"
C3L-01051,0.157801418439716,G12D,37,,0.45,PDAC,499,-279,2.06957039428562,">=15%, Sufficient Purity (n = 105)"
C3L-02897,0.132530120481928,G12V,25,,0.44,PDAC,48,0,1.23594544800621,">=15%, Sufficient Purity (n = 105)"
C3N-02768,0.310734463276836,G12D,47,,0.4375,Adenosquamous carcinoma,2234,-180,2.4915078451453,">=15%, Sufficient Purity (n = 105)"
C3L-02463,0.202952029520295,G12D,48,0.397581057748497,0.435897435897436,PDAC,181,-2673,1.68936853507169,">=15%, Sufficient Purity (n = 105)"
C3L-02118,0.112359550561798,G12V,29,0.269928323459663,0.425,PDAC,1427,-65,1.93262464110951,">=15%, Sufficient Purity (n = 105)"
C3N-03061,0.130325814536341,G12V,60,0.286043536697689,0.412621359223301,PDAC,409,-41,2.16213184773316,">=15%, Sufficient Purity (n = 105)"
C3N-03426,0,,85,,0.411764705882353,PDAC,235,-56,1.10127493691189,">=15%, Sufficient Purity (n = 105)"
C3L-02809,0.309153713298791,G12V,36,0.435744257507861,0.4,PDAC,2049,-2852,3.19721876540574,">=15%, Sufficient Purity (n = 105)"
C3N-03039,0.18974358974359,G12R,43,,0.4,PDAC,1277,-3595,2.74627813136092,">=15%, Sufficient Purity (n = 105)"
C3L-00277,0.356807511737089,Q61H,20,0.458659171984887,0.392156862745098,PDAC,2512,-1684,2.60962247036812,">=15%, Sufficient Purity (n = 105)"
C3L-03123,0.320323014804845,G12V,293,0.23244603305644,0.392156862745098,PDAC,319,-21,1.04584337152061,">=15%, Sufficient Purity (n = 105)"
C3L-00928,0.0856481481481482,G12V,28,0.193551788920235,0.384615384615385,PDAC,286,0,0.98882303695689,">=15%, Sufficient Purity (n = 105)"
C3L-02116,0.124309392265193,Q61H,21,0.22430975812376,0.375,PDAC,6,-6,1.18527292095913,">=15%, Sufficient Purity (n = 105)"
C3L-04072,0.451048951048951,G12D,38,0.429094861208598,0.35,PDAC,513,-4075,3.05981139080354,">=15%, Sufficient Purity (n = 105)"
C3N-03780,0.116279069767442,G12V,22,,0.35,PDAC,26,-51,0.98556015524707,">=15%, Sufficient Purity (n = 105)"
C3N-03666,0.167019027484144,G12V,67,0.337330538534655,0.342857142857143,PDAC,1883,-56,2.31438256864775,">=15%, Sufficient Purity (n = 105)"
C3L-03630,0.146711635750422,G12D,41,0.305267614397409,0.336538461538462,PDAC,89,-728,0.568933513594983,">=15%, Sufficient Purity (n = 105)"
C3L-00819,0.122302158273381,G12D,36,0.262587404952142,0.333333333333333,PDAC,0,-47,0.873680737925439,">=15%, Sufficient Purity (n = 105)"
C3N-02579,0.258258258258258,G12R,20,,0.333333333333333,PDAC,1570,-2496,1.87610525424827,">=15%, Sufficient Purity (n = 105)"
C3L-03356,0.083617747440273,G12D,19,0.18812333269202,0.330097087378641,PDAC,47,-45,0.981995840316928,">=15%, Sufficient Purity (n = 105)"
C3L-01637,0.118834080717489,Q61H,31,0.240862340928699,0.325581395348837,PDAC,714,-469,1.91332965633142,">=15%, Sufficient Purity (n = 105)"
C3N-03853,0.138728323699422,G13D,35,,0.325,PDAC,365,-837,2.17850492903165,">=15%, Sufficient Purity (n = 105)"
C3N-01716,0.161184210526316,G12R,22,0.356157837334785,0.318181818181818,PDAC,372,-3329,2.11865381920678,">=15%, Sufficient Purity (n = 105)"
C3L-04080,0.138317757009346,G12R,28,0.282271142506609,0.311627906976744,PDAC,1091,-2472,1.98244111637117,">=15%, Sufficient Purity (n = 105)"
C3N-04283,0.139896373056995,G12D,20,,0.308333333333333,PDAC,30,-39,1.4521012371825,">=15%, Sufficient Purity (n = 105)"
C3N-01381,0.110606060606061,G12D,26,0.108907959575081,0.307317073170732,PDAC,233,0,1.42579956220709,">=15%, Sufficient Purity (n = 105)"
C3N-03884,0.104504504504505,G12D,21,,0.304347826086957,PDAC,132,-13,1.24763037271971,">=15%, Sufficient Purity (n = 105)"
C3L-01453,0.125188536953243,G12D,24,0.214826452175215,0.3,Adenosquamous carcinoma,792,-26,1.71942970302861,">=15%, Sufficient Purity (n = 105)"
C3N-03173,0.0945121951219512,G12D,31,0.200349287219677,0.3,PDAC,193,-47,0.876120184853738,">=15%, Sufficient Purity (n = 105)"
C3L-01124,0.0858085808580858,G12D,13,,0.285714285714286,PDAC,45,0,0.831530092712772,">=15%, Sufficient Purity (n = 105)"
C3N-03000,0.272108843537415,G12D,27,,0.28,PDAC,1982,-427,2.14249279834615,">=15%, Sufficient Purity (n = 105)"
C3N-03007,0.152838427947598,G12D,27,0.223777116287512,0.277777777777778,PDAC,98,-9,0.876255007585838,">=15%, Sufficient Purity (n = 105)"
C3L-00599,0.15678776290631,G12D,38,0.212675493392606,0.266666666666667,PDAC,24,-159,1.34059619152998,">=15%, Sufficient Purity (n = 105)"
C3N-02573,0.121900826446281,G12V,34,,0.251231527093596,PDAC,13,-24,1.53210429249892,">=15%, Sufficient Purity (n = 105)"
C3L-04027,0.176616915422886,G12D,42,,0.25,PDAC,74,0,0.514822891426597,">=15%, Sufficient Purity (n = 105)"
C3L-03628,0.11588785046729,G12R,24,0.170396142466573,0.241545893719807,PDAC,152,-4,0.803891959873071,">=15%, Sufficient Purity (n = 105)"
C3L-00102,0.103189493433396,G12R,20,0.150574994629265,0.238095238095238,PDAC,4,-10,0.826704598455986,">=15%, Sufficient Purity (n = 105)"
C3L-03743,0.231023102310231,G12D,49,0.288989753634181,0.238095238095238,PDAC,338,-697,2.31891570346624,">=15%, Sufficient Purity (n = 105)"
C3N-04119,0.119318181818182,G12D,31,,0.227272727272727,PDAC,104,-98,1.49896080144655,">=15%, Sufficient Purity (n = 105)"
C3L-02610,0.251101321585903,G12V,33,,0.225,PDAC,217,-263,1.34454370456043,">=15%, Sufficient Purity (n = 105)"
C3L-03635,0.126182965299685,G12D,50,0.297992975537642,0.225,PDAC,2037,-193,2.16846464169261,">=15%, Sufficient Purity (n = 105)"
C3N-01165,0.0924608819345661,G12V,19,0.197275166095303,0.214285714285714,PDAC,218,-5,0.798246297442922,">=15%, Sufficient Purity (n = 105)"
C3L-01328,0.393326592517695,G12D,22,0.327912845922465,0.207407407407407,PDAC,2059,-45,1.71391260689469,">=15%, Sufficient Purity (n = 105)"
C3L-00017,0.174778761061947,G12D,43,0.312148246306568,0.2,PDAC,1113,-2554,1.4575036439039,">=15%, Sufficient Purity (n = 105)"
C3L-00622,0.106382978723404,G12V,27,0.2131615496636,0.2,PDAC,0,-52,1.14876180528423,">=15%, Sufficient Purity (n = 105)"
C3L-01598,0.154794520547945,G12D,46,0.182318719290731,0.2,PDAC,34,-45,0.845843582137742,">=15%, Sufficient Purity (n = 105)"
C3L-04848,0.130671506352087,G12D,36,0.241418105955947,0.2,PDAC,329,-130,1.72767599714086,">=15%, Sufficient Purity (n = 105)"
C3N-01388,0.0779944289693593,G12D,21,0.131293901013348,0.2,PDAC,77,-45,0.693001663020426,">=15%, Sufficient Purity (n = 105)"
C3N-02589,0.0835654596100279,G12R,28,,0.2,PDAC,130,-45,1.02312592858369,">=15%, Sufficient Purity (n = 105)"
C3N-02944,0.0836363636363636,G12D,21,0.181134092720502,0.2,PDAC,459,-3,1.05840726805009,">=15%, Sufficient Purity (n = 105)"
C3N-02971,0.121428571428571,G12R,37,,0.2,PDAC,338,-1156,1.52556271758222,">=15%, Sufficient Purity (n = 105)"
C3N-03086,0.196491228070175,G12D,31,0.310581102766145,0.2,PDAC,967,-38,0.491795022729635,">=15%, Sufficient Purity (n = 105)"
C3N-03430,0.284224250325945,G12V,65,,0.19,PDAC,97,-15,1.57181000885172,">=15%, Sufficient Purity (n = 105)"
C3L-04479,0.163072776280323,G12V,26,0.248315368760738,0.183673469387755,PDAC,0,-45,0.896725892021937,">=15%, Sufficient Purity (n = 105)"
C3N-00516,0.238429172510519,G12D,29,0.343652904319987,0.180487804878049,PDAC,1064,-96,1.69869122330887,">=15%, Sufficient Purity (n = 105)"
C3N-00198,0,,26,0.184156103570369,0.18,PDAC,267,-55,1.31511475050467,">=15%, Sufficient Purity (n = 105)"
C3N-01383,0.0898876404494382,G12D,37,0.172247523655676,0.18,PDAC,0,-45,0.743585100229444,">=15%, Sufficient Purity (n = 105)"
C3N-00514,0.131127450980392,G12V,29,0.146784487885525,0.175,Adenosquamous carcinoma,10,0,0.572230620569967,">=15%, Sufficient Purity (n = 105)"
C3N-00302,0.226190476190476,G12V,19,0.381423681873467,0.171428571428571,PDAC,1046,-4600,2.75555863152407,">=15%, Sufficient Purity (n = 105)"
C3N-01375,0.103986135181976,G12V,31,0.235882052988361,0.17,PDAC,1035,-7,1.07531134865247,">=15%, Sufficient Purity (n = 105)"
C3N-00249,0.214511041009464,Q61R,20,0.424312616485485,0.16,PDAC,1676,-5222,3.27980886844788,">=15%, Sufficient Purity (n = 105)"
C3N-00436,0.0852713178294574,G12V,28,0.183231474315271,0.16,PDAC,11,-69,0.757302699300761,">=15%, Sufficient Purity (n = 105)"
C3N-00518,0.127450980392157,Q61H,21,0.110617393311042,0.16,PDAC,0,-25,0.52894501466779,">=15%, Sufficient Purity (n = 105)"
C3N-01167,0.33210332103321,Q61H,37,0.385472947076497,0.16,PDAC,2129,-4959,3.81370741319325,">=15%, Sufficient Purity (n = 105)"
C3L-01703,0.111859838274933,G12R,36,0.138888591763506,0.15,PDAC,8,-51,1.40531144703163,">=15%, Sufficient Purity (n = 105)"
C3L-04475,0.094758064516129,G12R,34,0.20362591889196,0.15,PDAC,67,-1,1.53566436064631,">=15%, Sufficient Purity (n = 105)"
C3N-01714,0.122895622895623,G12D,29,0.179883897905002,0.15,PDAC,81,0,1.11346563275244,">=15%, Sufficient Purity (n = 105)"
C3N-03006,0.0921787709497207,G12R,34,0.210627071869154,0.15,PDAC,105,-4,1.14787254017243,">=15%, Sufficient Purity (n = 105)"
C3L-01687,0.134199134199134,G12D,28,0.245324926452416,0.142384105960265,PDAC,185,-917,1.50173613296201,">=15%, Sufficient Purity (n = 105)"
C3L-02109,0.142566191446029,G12R,32,0.273068615187277,0.125,PDAC,526,-1997,1.77079897276513,">=15%, Sufficient Purity (n = 105)"
C3N-01380,0,,14,,0.125,PDAC,113,-26,1.03189275314209,">=15%, Sufficient Purity (n = 105)"
C3N-03190,0.23728813559322,G12D,21,,0.1,PDAC,417,-79,1.77801612347939,">=15%, Sufficient Purity (n = 105)"
C3N-03840,0.128309572301426,G12V,26,,0.0995024875621891,PDAC,193,-49,1.14364013334729,">=15%, Sufficient Purity (n = 105)"
C3N-03439,0.0905511811023622,G12R,61,,0.08,PDAC,917,0,1.11623245648766,">=15%, Sufficient Purity (n = 105)"
C3L-04853,0.0955882352941176,G12V,37,0.254304435662623,0.050761421319797,PDAC,120,-13,1.08910843008849,">=15%, Sufficient Purity (n = 105)"
C3L-01971,0.334782608695652,G12V,49,0.235084684757499,0.05,PDAC,459,-2,2.49668731817318,">=15%, Sufficient Purity (n = 105)"
C3L-02890,0.123359580052493,G12D,33,0.186389319109203,0.045,PDAC,167,0,1.1224111776756,">=15%, Sufficient Purity (n = 105)"
C3L-02115,0.0957446808510638,G12V,9,0.0847947255167442,0.015,PDAC,65,0,0.384854225231124,">=15%, Sufficient Purity (n = 105)"
